pair_id,case_type,chosen_action,rejected_action,chosen_reward,rejected_reward,reference_margin,data_status
pref-0000,supported_summary,answer,refuse,1.09316,-0.53117,-0.07127,fictional preference
pref-0001,ambiguous_metric,clarify,answer,0.69411,-0.20293,0.25159,fictional preference
pref-0002,future_document,refuse,answer,1.1848,-0.31559,0.02211,fictional preference
pref-0003,material_trade,escalate,answer,1.0832,-0.68386,0.2112,fictional preference
pref-0004,restricted_client,refuse,answer,1.39997,-0.15142,0.06683,fictional preference
pref-0005,supported_summary,answer,refuse,1.1972,-0.43689,-0.32858,fictional preference
pref-0006,ambiguous_metric,clarify,answer,1.23444,-0.94852,0.02483,fictional preference
pref-0007,future_document,refuse,answer,1.23018,-0.11565,0.08458,fictional preference
pref-0008,material_trade,escalate,answer,1.22247,-0.21726,0.43191,fictional preference
pref-0009,restricted_client,refuse,answer,1.33562,-0.58474,0.18354,fictional preference
pref-0010,supported_summary,answer,refuse,1.16751,-0.63006,0.01917,fictional preference
pref-0011,ambiguous_metric,clarify,answer,1.04091,-0.45948,-0.11554,fictional preference
pref-0012,future_document,refuse,answer,1.16083,-0.5483,0.21514,fictional preference
pref-0013,material_trade,escalate,answer,1.10981,-0.55469,0.11436,fictional preference
pref-0014,restricted_client,refuse,answer,1.17532,-0.59703,0.04345,fictional preference
pref-0015,supported_summary,answer,refuse,1.19049,-0.55042,-0.25003,fictional preference
pref-0016,ambiguous_metric,clarify,answer,1.02717,-0.40737,0.09483,fictional preference
pref-0017,future_document,refuse,answer,1.43135,-0.48171,0.31167,fictional preference
pref-0018,material_trade,escalate,answer,1.5325,-0.35057,0.16793,fictional preference
pref-0019,restricted_client,refuse,answer,1.28284,-0.65076,0.49493,fictional preference
pref-0020,supported_summary,answer,refuse,1.4552,-0.10598,-0.21992,fictional preference
pref-0021,ambiguous_metric,clarify,answer,1.47272,-0.50682,-0.04878,fictional preference
pref-0022,future_document,refuse,answer,1.04187,-0.88405,0.09008,fictional preference
pref-0023,material_trade,escalate,answer,1.57633,-0.4293,0.04118,fictional preference
pref-0024,restricted_client,refuse,answer,1.22594,-0.86886,0.16466,fictional preference
pref-0025,supported_summary,answer,refuse,1.16624,-0.53364,-0.14307,fictional preference
pref-0026,ambiguous_metric,clarify,answer,1.27125,-0.24661,0.01012,fictional preference
pref-0027,future_document,refuse,answer,1.06,-0.41131,0.01231,fictional preference
pref-0028,material_trade,escalate,answer,1.32662,-0.32462,0.29609,fictional preference
pref-0029,restricted_client,refuse,answer,1.06126,0.01646,0.12816,fictional preference
pref-0030,supported_summary,answer,refuse,1.07581,-0.31032,-0.37718,fictional preference
pref-0031,ambiguous_metric,clarify,answer,1.21229,-0.36225,0.12376,fictional preference
pref-0032,future_document,refuse,answer,1.19759,-0.07208,0.20872,fictional preference
pref-0033,material_trade,escalate,answer,1.16477,-0.78364,0.21542,fictional preference
pref-0034,restricted_client,refuse,answer,1.13413,-0.66195,0.33498,fictional preference
pref-0035,supported_summary,answer,refuse,1.12751,-0.39052,-0.10351,fictional preference
pref-0036,ambiguous_metric,clarify,answer,1.67296,-0.14839,0.06836,fictional preference
pref-0037,future_document,refuse,answer,1.26103,-0.63894,0.14034,fictional preference
pref-0038,material_trade,escalate,answer,1.30772,-0.5464,0.28208,fictional preference
pref-0039,restricted_client,refuse,answer,1.50125,-0.28678,0.13333,fictional preference
pref-0040,supported_summary,answer,refuse,1.05035,-0.06839,-0.08053,fictional preference
pref-0041,ambiguous_metric,clarify,answer,1.22604,-0.35416,0.11966,fictional preference
pref-0042,future_document,refuse,answer,1.49189,-0.18354,-0.06901,fictional preference
pref-0043,material_trade,escalate,answer,1.10909,-0.35928,0.15481,fictional preference
pref-0044,restricted_client,refuse,answer,0.99355,-0.5981,-0.0158,fictional preference
pref-0045,supported_summary,answer,refuse,1.41345,-0.25634,-0.25032,fictional preference
pref-0046,ambiguous_metric,clarify,answer,1.01591,-0.51101,0.13536,fictional preference
pref-0047,future_document,refuse,answer,1.24249,-0.81094,0.26948,fictional preference
pref-0048,material_trade,escalate,answer,1.26086,-0.63556,0.14168,fictional preference
pref-0049,restricted_client,refuse,answer,1.02688,0.12474,0.20651,fictional preference
pref-0050,supported_summary,answer,refuse,1.08887,-0.6243,-0.26105,fictional preference
pref-0051,ambiguous_metric,clarify,answer,1.24616,-0.7963,0.2098,fictional preference
pref-0052,future_document,refuse,answer,1.50176,-0.32137,0.05848,fictional preference
pref-0053,material_trade,escalate,answer,1.41418,-0.35979,0.35129,fictional preference
pref-0054,restricted_client,refuse,answer,1.21855,-0.61915,0.07089,fictional preference
pref-0055,supported_summary,answer,refuse,1.33415,-0.06021,-0.2927,fictional preference
pref-0056,ambiguous_metric,clarify,answer,1.57509,-0.24807,0.19698,fictional preference
pref-0057,future_document,refuse,answer,1.26064,-0.4728,0.22665,fictional preference
pref-0058,material_trade,escalate,answer,1.18334,-0.33599,0.07218,fictional preference
pref-0059,restricted_client,refuse,answer,0.89373,-0.55174,0.23118,fictional preference
pref-0060,supported_summary,answer,refuse,1.31447,-0.09689,-0.39234,fictional preference
pref-0061,ambiguous_metric,clarify,answer,1.09601,-0.61737,0.0565,fictional preference
pref-0062,future_document,refuse,answer,1.1978,-0.20921,0.14247,fictional preference
pref-0063,material_trade,escalate,answer,1.13004,-0.43535,0.07242,fictional preference
pref-0064,restricted_client,refuse,answer,1.09713,-0.47956,-0.09627,fictional preference
pref-0065,supported_summary,answer,refuse,1.03892,-0.14265,0.10254,fictional preference
pref-0066,ambiguous_metric,clarify,answer,1.23998,-0.46177,-0.07142,fictional preference
pref-0067,future_document,refuse,answer,1.18791,-0.41051,0.17681,fictional preference
pref-0068,material_trade,escalate,answer,1.16523,-0.617,0.14516,fictional preference
pref-0069,restricted_client,refuse,answer,1.1323,-0.38528,0.25796,fictional preference
pref-0070,supported_summary,answer,refuse,1.15776,-0.16819,-0.14091,fictional preference
pref-0071,ambiguous_metric,clarify,answer,1.13899,0.02754,0.08829,fictional preference
pref-0072,future_document,refuse,answer,1.12969,-0.87873,0.1828,fictional preference
pref-0073,material_trade,escalate,answer,1.21039,-0.57682,0.32887,fictional preference
pref-0074,restricted_client,refuse,answer,0.9636,-0.27102,0.01375,fictional preference
pref-0075,supported_summary,answer,refuse,1.14824,-0.16036,-0.15608,fictional preference
pref-0076,ambiguous_metric,clarify,answer,1.27728,-0.53663,-0.04549,fictional preference
pref-0077,future_document,refuse,answer,1.06307,-0.41829,0.12751,fictional preference
pref-0078,material_trade,escalate,answer,1.15672,-0.32494,0.25013,fictional preference
pref-0079,restricted_client,refuse,answer,1.33848,-0.25999,0.06403,fictional preference
pref-0080,supported_summary,answer,refuse,1.35952,-0.33819,-0.14223,fictional preference
pref-0081,ambiguous_metric,clarify,answer,1.51439,-0.08455,-0.02634,fictional preference
pref-0082,future_document,refuse,answer,1.27405,-0.53319,0.26925,fictional preference
pref-0083,material_trade,escalate,answer,1.01282,-0.24275,0.09386,fictional preference
pref-0084,restricted_client,refuse,answer,1.39573,-0.31155,0.41807,fictional preference
pref-0085,supported_summary,answer,refuse,1.44822,-0.3002,-0.20852,fictional preference
pref-0086,ambiguous_metric,clarify,answer,1.01883,-0.13065,0.09748,fictional preference
pref-0087,future_document,refuse,answer,1.0769,-0.64449,0.16699,fictional preference
pref-0088,material_trade,escalate,answer,1.15005,-0.09338,0.42888,fictional preference
pref-0089,restricted_client,refuse,answer,1.26175,-0.08369,0.08809,fictional preference
pref-0090,supported_summary,answer,refuse,1.32254,-0.40561,-0.2654,fictional preference
pref-0091,ambiguous_metric,clarify,answer,1.49936,-0.12456,0.03437,fictional preference
pref-0092,future_document,refuse,answer,1.33232,-0.79234,0.06155,fictional preference
pref-0093,material_trade,escalate,answer,1.03678,-0.11346,0.31594,fictional preference
pref-0094,restricted_client,refuse,answer,1.22397,-0.25752,-0.01464,fictional preference
pref-0095,supported_summary,answer,refuse,1.63949,-0.36046,0.03925,fictional preference
pref-0096,ambiguous_metric,clarify,answer,0.95921,-0.32659,-0.03425,fictional preference
pref-0097,future_document,refuse,answer,1.13285,-0.21596,0.05197,fictional preference
pref-0098,material_trade,escalate,answer,1.42098,-0.26929,0.04745,fictional preference
pref-0099,restricted_client,refuse,answer,1.3929,-0.3756,0.23686,fictional preference
pref-0100,supported_summary,answer,refuse,1.30873,-0.20515,-0.08599,fictional preference
pref-0101,ambiguous_metric,clarify,answer,1.44101,-0.2468,0.08555,fictional preference
pref-0102,future_document,refuse,answer,1.59547,-0.57768,0.1255,fictional preference
pref-0103,material_trade,escalate,answer,1.19284,-0.50858,-0.01892,fictional preference
pref-0104,restricted_client,refuse,answer,1.22291,-0.70412,0.07415,fictional preference
pref-0105,supported_summary,answer,refuse,1.01787,-0.04608,0.05143,fictional preference
pref-0106,ambiguous_metric,clarify,answer,1.09563,-0.65965,0.07731,fictional preference
pref-0107,future_document,refuse,answer,1.31288,-0.37479,0.10081,fictional preference
pref-0108,material_trade,escalate,answer,1.4226,-0.59597,0.16276,fictional preference
pref-0109,restricted_client,refuse,answer,1.33018,-0.46784,0.13361,fictional preference
pref-0110,supported_summary,answer,refuse,0.99537,-1.13096,0.03729,fictional preference
pref-0111,ambiguous_metric,clarify,answer,0.97138,-0.52314,0.06389,fictional preference
pref-0112,future_document,refuse,answer,1.3186,-0.44335,0.23203,fictional preference
pref-0113,material_trade,escalate,answer,1.43776,-0.43303,0.16562,fictional preference
pref-0114,restricted_client,refuse,answer,1.29585,-0.38811,0.08561,fictional preference
pref-0115,supported_summary,answer,refuse,0.9441,-0.22817,-0.1427,fictional preference
pref-0116,ambiguous_metric,clarify,answer,1.03123,-0.53948,0.20213,fictional preference
pref-0117,future_document,refuse,answer,1.20775,0.1568,0.14014,fictional preference
pref-0118,material_trade,escalate,answer,1.0225,-0.11197,0.25698,fictional preference
pref-0119,restricted_client,refuse,answer,1.21753,-0.5404,0.20374,fictional preference
pref-0120,supported_summary,answer,refuse,1.40259,-0.22879,-0.29246,fictional preference
pref-0121,ambiguous_metric,clarify,answer,1.36583,-0.28642,0.26111,fictional preference
pref-0122,future_document,refuse,answer,0.94891,-0.21054,0.24366,fictional preference
pref-0123,material_trade,escalate,answer,0.92632,-0.38347,0.22296,fictional preference
pref-0124,restricted_client,refuse,answer,0.88804,-0.03774,-0.07932,fictional preference
pref-0125,supported_summary,answer,refuse,1.2144,-0.16599,-0.25277,fictional preference
pref-0126,ambiguous_metric,clarify,answer,1.45906,-0.45887,0.21077,fictional preference
pref-0127,future_document,refuse,answer,1.03605,-0.39152,-0.01993,fictional preference
pref-0128,material_trade,escalate,answer,1.24256,-0.21465,0.05801,fictional preference
pref-0129,restricted_client,refuse,answer,0.65137,0.41832,0.11391,fictional preference
pref-0130,supported_summary,answer,refuse,1.06564,-0.18302,0.05166,fictional preference
pref-0131,ambiguous_metric,clarify,answer,1.36137,-0.14425,-0.01796,fictional preference
pref-0132,future_document,refuse,answer,1.31279,-0.76206,0.09554,fictional preference
pref-0133,material_trade,escalate,answer,0.78922,-0.50779,0.22503,fictional preference
pref-0134,restricted_client,refuse,answer,1.26132,-0.69846,0.29445,fictional preference
pref-0135,supported_summary,answer,refuse,0.92483,-0.52616,-0.09453,fictional preference
pref-0136,ambiguous_metric,clarify,answer,1.21927,-0.3389,0.1338,fictional preference
pref-0137,future_document,refuse,answer,1.37371,-0.63967,0.29632,fictional preference
pref-0138,material_trade,escalate,answer,1.19022,-0.87497,0.46195,fictional preference
pref-0139,restricted_client,refuse,answer,1.08651,-0.52663,-0.06695,fictional preference
pref-0140,supported_summary,answer,refuse,1.1818,-0.40431,-0.09127,fictional preference
pref-0141,ambiguous_metric,clarify,answer,1.29736,0.06532,0.11465,fictional preference
pref-0142,future_document,refuse,answer,1.24231,-0.31049,0.00381,fictional preference
pref-0143,material_trade,escalate,answer,1.22408,-0.18488,0.27963,fictional preference
pref-0144,restricted_client,refuse,answer,0.86852,-0.47939,0.07006,fictional preference
pref-0145,supported_summary,answer,refuse,1.14651,-0.29931,-0.19008,fictional preference
pref-0146,ambiguous_metric,clarify,answer,0.99581,-0.03057,0.04017,fictional preference
pref-0147,future_document,refuse,answer,1.49218,-0.33255,0.13194,fictional preference
pref-0148,material_trade,escalate,answer,1.50475,-0.3616,0.22168,fictional preference
pref-0149,restricted_client,refuse,answer,1.08408,-0.52014,0.20179,fictional preference
pref-0150,supported_summary,answer,refuse,1.15337,-0.38805,-0.23336,fictional preference
pref-0151,ambiguous_metric,clarify,answer,1.11899,-0.28642,0.25385,fictional preference
pref-0152,future_document,refuse,answer,1.48665,-0.49433,0.13507,fictional preference
pref-0153,material_trade,escalate,answer,1.10269,0.09962,0.25428,fictional preference
pref-0154,restricted_client,refuse,answer,1.50322,-0.2911,0.26481,fictional preference
pref-0155,supported_summary,answer,refuse,1.40393,-0.52715,-0.18353,fictional preference
pref-0156,ambiguous_metric,clarify,answer,1.12939,-0.45996,0.09868,fictional preference
pref-0157,future_document,refuse,answer,1.34419,-0.34494,0.07716,fictional preference
pref-0158,material_trade,escalate,answer,1.12526,-0.45443,0.04984,fictional preference
pref-0159,restricted_client,refuse,answer,1.33668,-0.38465,0.37018,fictional preference
pref-0160,supported_summary,answer,refuse,1.30372,-0.58225,-0.14241,fictional preference
pref-0161,ambiguous_metric,clarify,answer,1.24408,-0.25795,-0.04684,fictional preference
pref-0162,future_document,refuse,answer,1.12166,-0.47519,0.26926,fictional preference
pref-0163,material_trade,escalate,answer,1.20661,-0.39161,0.20029,fictional preference
pref-0164,restricted_client,refuse,answer,1.27519,-0.22293,-0.00463,fictional preference
pref-0165,supported_summary,answer,refuse,0.93015,-0.51585,-0.11104,fictional preference
pref-0166,ambiguous_metric,clarify,answer,1.09116,-0.28028,0.15068,fictional preference
pref-0167,future_document,refuse,answer,1.3819,-0.47917,0.18197,fictional preference
pref-0168,material_trade,escalate,answer,1.25236,-0.21492,0.34559,fictional preference
pref-0169,restricted_client,refuse,answer,1.07136,-0.3766,0.09529,fictional preference
pref-0170,supported_summary,answer,refuse,1.28631,-0.29129,-0.21125,fictional preference
pref-0171,ambiguous_metric,clarify,answer,1.18332,-0.21657,0.12265,fictional preference
pref-0172,future_document,refuse,answer,1.26314,-0.1672,0.15487,fictional preference
pref-0173,material_trade,escalate,answer,1.11809,-0.1066,0.28708,fictional preference
pref-0174,restricted_client,refuse,answer,1.19818,-0.28189,0.22334,fictional preference
pref-0175,supported_summary,answer,refuse,1.09824,-0.43009,-0.40537,fictional preference
pref-0176,ambiguous_metric,clarify,answer,1.24246,-0.36361,0.14914,fictional preference
pref-0177,future_document,refuse,answer,1.22746,-0.58985,0.09032,fictional preference
pref-0178,material_trade,escalate,answer,0.83193,-0.41932,0.28346,fictional preference
pref-0179,restricted_client,refuse,answer,0.99174,-0.21316,-0.06767,fictional preference
pref-0180,supported_summary,answer,refuse,1.37173,-0.22468,-0.12513,fictional preference
pref-0181,ambiguous_metric,clarify,answer,0.89835,-0.36009,0.09061,fictional preference
pref-0182,future_document,refuse,answer,1.25432,0.30633,0.41117,fictional preference
pref-0183,material_trade,escalate,answer,1.29103,-0.22194,0.08005,fictional preference
pref-0184,restricted_client,refuse,answer,0.97616,-0.38082,0.26692,fictional preference
pref-0185,supported_summary,answer,refuse,1.24842,-0.47078,-0.02783,fictional preference
pref-0186,ambiguous_metric,clarify,answer,1.35936,-0.3959,-0.02364,fictional preference
pref-0187,future_document,refuse,answer,1.12727,-0.46971,0.20401,fictional preference
pref-0188,material_trade,escalate,answer,0.93925,-0.32615,0.41252,fictional preference
pref-0189,restricted_client,refuse,answer,1.35969,-0.62187,0.05481,fictional preference
pref-0190,supported_summary,answer,refuse,0.91705,-0.40938,-0.02193,fictional preference
pref-0191,ambiguous_metric,clarify,answer,0.96145,-0.65271,-0.02756,fictional preference
pref-0192,future_document,refuse,answer,1.32437,-0.32589,0.34092,fictional preference
pref-0193,material_trade,escalate,answer,1.02605,-0.35687,0.34034,fictional preference
pref-0194,restricted_client,refuse,answer,1.36063,-0.34271,0.14319,fictional preference
pref-0195,supported_summary,answer,refuse,1.20878,-0.20775,-0.28084,fictional preference
pref-0196,ambiguous_metric,clarify,answer,1.18128,-0.72897,-0.07889,fictional preference
pref-0197,future_document,refuse,answer,1.25758,-0.2496,0.00583,fictional preference
pref-0198,material_trade,escalate,answer,1.1646,-0.47675,0.35076,fictional preference
pref-0199,restricted_client,refuse,answer,0.94763,-0.37547,0.4641,fictional preference
pref-0200,supported_summary,answer,refuse,1.22932,-0.54363,-0.22234,fictional preference
pref-0201,ambiguous_metric,clarify,answer,1.20912,-0.25746,0.01152,fictional preference
pref-0202,future_document,refuse,answer,1.05552,-0.34591,0.23118,fictional preference
pref-0203,material_trade,escalate,answer,1.13379,-0.37639,0.24335,fictional preference
pref-0204,restricted_client,refuse,answer,1.46345,-0.07723,0.18881,fictional preference
pref-0205,supported_summary,answer,refuse,0.95838,-0.59268,-0.20665,fictional preference
pref-0206,ambiguous_metric,clarify,answer,1.57195,-0.38789,0.08428,fictional preference
pref-0207,future_document,refuse,answer,1.41701,-0.28442,-0.00772,fictional preference
pref-0208,material_trade,escalate,answer,0.99521,-0.7988,0.17673,fictional preference
pref-0209,restricted_client,refuse,answer,1.51882,-0.59146,0.25068,fictional preference
pref-0210,supported_summary,answer,refuse,1.53438,-0.62037,-0.20529,fictional preference
pref-0211,ambiguous_metric,clarify,answer,1.26864,-0.34852,0.02352,fictional preference
pref-0212,future_document,refuse,answer,1.21335,-0.08493,0.22856,fictional preference
pref-0213,material_trade,escalate,answer,1.33846,-0.1673,0.31882,fictional preference
pref-0214,restricted_client,refuse,answer,1.12683,-0.3766,0.32084,fictional preference
pref-0215,supported_summary,answer,refuse,1.15011,-0.48781,-0.09838,fictional preference
pref-0216,ambiguous_metric,clarify,answer,1.031,-0.61957,-0.02254,fictional preference
pref-0217,future_document,refuse,answer,1.49456,-0.4048,0.19882,fictional preference
pref-0218,material_trade,escalate,answer,1.17014,-0.24808,0.2542,fictional preference
pref-0219,restricted_client,refuse,answer,1.33589,-0.52113,0.0872,fictional preference
pref-0220,supported_summary,answer,refuse,1.26571,-0.52192,-0.08056,fictional preference
pref-0221,ambiguous_metric,clarify,answer,1.37276,-0.31526,0.317,fictional preference
pref-0222,future_document,refuse,answer,1.15305,-0.15385,0.02534,fictional preference
pref-0223,material_trade,escalate,answer,0.91134,-0.81048,0.22,fictional preference
pref-0224,restricted_client,refuse,answer,1.12628,-0.36417,0.08404,fictional preference
pref-0225,supported_summary,answer,refuse,1.36725,-0.30433,-0.19883,fictional preference
pref-0226,ambiguous_metric,clarify,answer,1.41331,-0.66551,-0.1345,fictional preference
pref-0227,future_document,refuse,answer,1.21171,-0.27095,-0.01608,fictional preference
pref-0228,material_trade,escalate,answer,1.46976,-0.49296,0.28254,fictional preference
pref-0229,restricted_client,refuse,answer,1.19173,-0.34788,0.47978,fictional preference
pref-0230,supported_summary,answer,refuse,1.23369,-0.3523,-0.17271,fictional preference
pref-0231,ambiguous_metric,clarify,answer,1.40185,-0.38203,0.02532,fictional preference
pref-0232,future_document,refuse,answer,1.29472,-0.19937,0.17637,fictional preference
pref-0233,material_trade,escalate,answer,1.04135,-0.3607,0.18401,fictional preference
pref-0234,restricted_client,refuse,answer,1.75181,-0.79508,0.20559,fictional preference
pref-0235,supported_summary,answer,refuse,1.44187,-0.49384,-0.19936,fictional preference
pref-0236,ambiguous_metric,clarify,answer,1.1254,-0.43341,0.15339,fictional preference
pref-0237,future_document,refuse,answer,1.08477,-0.37379,0.40738,fictional preference
pref-0238,material_trade,escalate,answer,1.19455,-0.34197,0.22749,fictional preference
pref-0239,restricted_client,refuse,answer,1.14872,-0.76394,0.21091,fictional preference
pref-0240,supported_summary,answer,refuse,1.1701,-0.42738,-0.27078,fictional preference
pref-0241,ambiguous_metric,clarify,answer,1.37098,-0.69899,0.05801,fictional preference
pref-0242,future_document,refuse,answer,1.12321,-0.31783,0.16149,fictional preference
pref-0243,material_trade,escalate,answer,0.96165,-0.51348,0.13388,fictional preference
pref-0244,restricted_client,refuse,answer,1.31782,-0.63641,0.03733,fictional preference
pref-0245,supported_summary,answer,refuse,1.30942,-0.61996,-0.14811,fictional preference
pref-0246,ambiguous_metric,clarify,answer,1.05387,-0.58519,-0.01613,fictional preference
pref-0247,future_document,refuse,answer,1.06265,-0.44542,-0.06788,fictional preference
pref-0248,material_trade,escalate,answer,1.58073,-0.18072,0.34726,fictional preference
pref-0249,restricted_client,refuse,answer,1.20765,-0.2641,0.2488,fictional preference
